ym,census_mean,census_p95,occ_mean,occ_p95,edwin_mean,nedocs_mean,readi_mean,board_mean,arr_per_hr,awt_curr_min,visits,arr_per_day,bed_med_min,icu_med_min
2020-01,34.78763440860215,54.0,86.96908602150538,135.0,1.3611862521778892,543.9832831606057,5.88853374892906,13.821236559139784,8.603494623655914,350.0315860215054,6406,206.48387096774195,338.5,306.0
2020-02,22.982758620689655,36.25,57.456896551724135,90.625,0.733288543115639,267.8144212909826,3.9927557943564276,9.591954022988507,6.091954022988506,272.83620689655174,4246,146.20689655172413,284.0,176.0
2020-03,17.826612903225808,27.0,44.56653225806452,67.5,0.5016128999651762,347.4791931068422,3.0473719632427967,7.336021505376344,4.748655913978495,309.6263440860215,3525,113.96774193548387,244.0,156.5
2020-04,15.915277777777778,26.0,39.78819444444444,65.0,0.44205224584830577,188.7117182766522,2.9212112738739164,6.273611111111111,4.666666666666667,248.67291666666668,3361,112.0,227.0,182.0
2020-05,18.600806451612904,28.850000000000023,46.502016129032256,72.12500000000006,0.5410683263183347,286.9694783759706,3.352917661842529,7.266129032258065,5.200268817204301,243.86962365591398,3873,124.80645161290323,247.0,160.0
2020-06,22.770833333333332,32.0,56.927083333333336,80.0,0.686281932518939,436.39011092418394,3.9214738523121695,8.897222222222222,5.9527777777777775,255.8701388888889,4285,142.86666666666667,263.0,200.0
2020-07,24.11962365591398,36.0,60.299059139784944,90.0,0.7947767721619097,302.9553925839908,4.074579390776665,10.48521505376344,5.958333333333333,299.51075268817203,4431,143.0,299.0,157.0
2020-08,23.217741935483872,32.0,58.04435483870968,80.0,0.7294106727688557,287.87986470830805,3.9689727550762197,9.673387096774194,6.036290322580645,272.1666666666667,4488,144.8709677419355,283.0,168.5
2020-09,23.5125,35.0,58.78125,87.5,0.7205712624374333,244.1088883361473,4.167115729154258,8.61111111111111,6.3277777777777775,241.31041666666667,4563,151.86666666666667,252.0,189.5
2020-10,26.044354838709676,38.0,65.11088709677419,95.0,0.8700683578435685,473.4929045582217,4.455052905870167,10.799731182795698,6.532258064516129,292.65389784946234,4859,156.7741935483871,311.5,159.5
2020-11,23.12638888888889,37.0,57.81597222222222,92.5,0.7524161491493889,430.6830015939057,4.0952903797396925,9.758333333333333,6.105555555555555,301.8041666666667,4394,146.53333333333333,283.0,202.0
2020-12,21.97043010752688,32.0,54.92607526881721,80.0,0.6743821407612357,329.91108611098144,3.8347763272804105,8.919354838709678,5.684139784946237,266.84879032258067,4229,136.4193548387097,284.0,191.0
2021-01,22.606182795698924,35.0,56.51545698924731,87.5,0.7203079012754732,300.1369947384187,3.9737136607618386,9.44489247311828,5.94758064516129,281.0221774193548,4430,142.74193548387098,276.0,226.0
2021-02,21.446428571428573,32.0,53.61607142857143,80.0,0.6315582197540289,254.51586270760112,3.926818095475193,7.998511904761905,6.166666666666667,232.57440476190476,4144,148.0,240.0,187.0
2021-03,20.99462365591398,31.0,52.486559139784944,77.5,0.6285296353682361,272.1599792415542,3.7074761071423854,8.431451612903226,5.713709677419355,253.9018817204301,4251,137.1290322580645,257.0,196.0
2021-04,22.240277777777777,32.0,55.60069444444444,80.0,0.712282360318236,304.5747516220453,3.9502986658426904,10.058333333333334,5.955555555555556,258.4263888888889,4286,142.93333333333334,282.0,202.0
2021-05,20.033602150537636,34.0,50.08400537634409,85.0,0.5717009098903799,232.33588365972642,3.7294982193946926,8.106182795698924,6.387096774193548,239.2311827956989,4747,153.29032258064515,240.0,172.0
2021-06,23.720833333333335,40.0,59.302083333333336,100.0,0.8203962474973323,402.12147097805115,3.8223340139131197,12.1,5.627777777777778,386.1125,4051,135.06666666666666,316.0,323.0
2021-07,24.561827956989248,37.0,61.40456989247312,92.5,0.816370039519053,390.11522850629444,3.9786103415750618,11.083333333333334,5.739247311827957,335.41599462365593,4270,137.74193548387098,315.0,284.0
2021-08,21.112903225806452,32.0,52.78225806451613,80.0,0.6599682222113645,257.2823959587943,3.5792731434017715,9.440860215053764,5.279569892473118,289.23790322580646,3929,126.70967741935483,314.0,182.5
2021-09,23.56388888888889,35.0,58.90972222222222,87.5,0.7468914226300614,277.8105604960605,3.9583201398091084,10.483333333333333,5.9625,288.21180555555554,4299,143.10000000000002,317.0,189.0
2021-10,23.482526881720432,35.0,58.70631720430107,87.5,0.7338685812051591,334.3858722962669,3.999354627146693,9.881720430107526,6.118279569892473,276.3514784946237,4552,146.83870967741936,315.0,193.0
2021-11,23.816666666666666,35.0,59.541666666666664,87.5,0.7456679902984826,300.95506961730183,4.046365809688438,9.718055555555555,6.0777777777777775,280.55625,4372,145.86666666666667,296.0,168.0
2021-12,20.798387096774192,32.0,51.99596774193548,80.0,0.6235606331842534,250.4207699025878,3.770072293767714,8.334677419354838,5.856182795698925,239.47110215053763,4359,140.5483870967742,277.0,177.0
2022-01,21.251344086021504,33.0,53.12836021505376,82.5,0.663031955103776,238.26978504932856,4.014879601385237,9.00268817204301,6.686827956989247,245.4616935483871,4972,160.48387096774192,272.0,182.0
2022-02,22.06845238095238,35.0,55.17113095238095,87.5,0.6729538177617648,233.72371891582247,4.022438591200161,9.075892857142858,6.625,241.86458333333334,4453,159.0,266.0,193.0
2022-03,22.708333333333332,35.0,56.770833333333336,87.5,0.6914825216321624,238.71822815811586,4.015108360756402,8.920698924731182,6.25,241.690188172043,4649,150.0,271.5,189.0
2022-04,26.49861111111111,45.049999999999955,66.24652777777777,112.62499999999989,0.8257425358344161,293.1215537566329,4.965941506592539,9.991666666666667,8.879166666666666,290.57152777777776,6403,213.1,270.0,182.5
2022-05,30.758064516129032,66.85000000000002,76.89516129032258,167.12500000000006,0.923693015310377,356.00369937600175,6.952811685442439,11.53225806451613,15.048387096774194,326.80040322580646,11193,361.16129032258067,304.0,233.0
2022-06,25.56111111111111,38.0,63.90277777777778,95.0,0.9659973474829819,341.40099502331566,4.63893789633486,13.194444444444445,7.215277777777778,342.62083333333334,5190,173.16666666666666,300.0,288.5
2022-07,23.5,36.0,58.75,90.0,0.778218002136206,302.78750246642704,4.331787085427311,10.78494623655914,6.80241935483871,274.8891129032258,5058,163.25806451612902,288.5,237.0
2022-08,22.276881720430108,34.0,55.69220430107527,85.0,0.6853465355990676,248.5813471710004,4.272320691991811,9.58736559139785,7.076612903225806,254.06854838709677,5269,169.83870967741933,267.0,231.0
2022-09,26.495833333333334,42.0,66.23958333333333,105.0,0.9537496315124483,322.9552019999196,4.998676228990702,12.044444444444444,8.591666666666667,293.51944444444445,6183,206.2,301.0,212.5
2022-10,29.125,46.0,72.8125,114.99999999999999,1.133830879056266,403.2056880144873,5.35598959212456,14.00268817204301,8.758064516129032,337.24932795698925,6513,210.19354838709677,360.5,231.0
2022-11,25.488888888888887,39.0,63.72222222222222,97.5,0.9031981049373359,312.6601917510854,4.612623909383921,11.977777777777778,7.1819444444444445,296.28055555555557,5172,172.36666666666667,292.5,272.0
2022-12,24.024193548387096,37.0,60.060483870967744,92.5,0.8041642085164362,283.56688627981885,4.342431816111588,10.883064516129032,6.870967741935484,283.119623655914,5115,164.90322580645162,291.0,232.0
2023-01,27.370967741935484,41.85000000000002,68.4274193548387,104.62500000000006,1.0081338477846757,366.1279828205966,5.107875636522971,13.153225806451612,8.36021505376344,344.62029569892474,6224,200.64516129032256,319.5,341.0
2023-02,31.324404761904763,51.44999999999993,78.3110119047619,128.62499999999983,2.5690659834956233,485.77779762335473,5.135570617516836,17.188988095238095,7.370535714285714,433.20386904761904,4950,176.89285714285714,409.0,326.0
2023-03,31.543010752688172,47.0,78.85752688172043,117.5,1.6190170425273502,494.5265393072219,4.9848795417971665,18.022849462365592,6.932795698924731,487.5954301075269,5159,166.38709677419354,540.0,296.0
2023-04,27.61111111111111,42.0,69.02777777777777,105.0,1.1103266643934404,368.9642362960283,4.67738212376846,13.952777777777778,7.143055555555556,383.08680555555554,5149,171.43333333333334,385.5,193.0
2023-05,46.935483870967744,65.0,117.33870967741936,162.5,13.172346691859916,817.3687840203538,6.766085976601922,29.087365591397848,8.151881720430108,708.0288978494624,6054,195.6451612903226,1050.0,328.0
2023-06,40.334722222222226,54.0,100.83680555555556,135.0,2.563304749129971,796.4086544400225,6.272443858438074,22.245833333333334,8.276388888888889,662.5715277777778,5965,198.63333333333333,535.0,297.0
2023-07,37.88709677419355,52.0,94.71774193548387,130.0,3.0366896474712792,650.5885140749731,5.734366299892988,21.916666666666668,7.428763440860215,552.828629032258,5524,178.29032258064515,681.0,266.0
2023-08,30.24462365591398,43.0,75.61155913978494,107.5,1.4459615734129103,428.3790025597933,4.9613177819360565,15.936827956989248,7.026881720430108,399.48924731182797,5227,168.6451612903226,439.5,233.0
2023-09,29.88888888888889,47.0,74.72222222222223,117.5,1.466197932202967,451.3320466111915,5.140343615332122,14.206944444444444,7.9,365.43958333333336,5694,189.60000000000002,361.0,190.5
2023-10,33.494623655913976,48.0,83.73655913978494,120.0,1.8038869944479228,498.33719460264854,5.464852765863628,17.842741935483872,7.858870967741935,461.3662634408602,5846,188.61290322580643,589.5,219.0
2023-11,29.141666666666666,45.0,72.85416666666667,112.5,1.671991970034074,432.8985742241518,4.891908968926077,15.46111111111111,7.405555555555556,415.37152777777777,5328,177.73333333333335,505.0,221.0
2023-12,33.61693548387097,53.0,84.04233870967742,132.5,3.4036979759229533,487.28080468348816,5.366344644451182,18.543010752688172,7.521505376344086,476.2305107526882,5597,180.51612903225805,589.0,242.0
2024-01,39.774193548387096,56.0,99.43548387096774,140.0,5.181854455614191,631.3476908174222,5.927670400485622,24.27016129032258,7.787634408602151,607.366935483871,5789,186.90322580645162,900.0,248.5
2024-02,32.06609195402299,48.0,80.16522988505747,120.0,1.558226311962965,463.45412409135514,5.336989358275464,16.40948275862069,8.137931034482758,431.04525862068965,5670,195.3103448275862,478.5,324.0
2024-03,39.3494623655914,54.0,98.3736559139785,135.0,6.460316618792022,626.2836705180275,5.740377210825272,25.149193548387096,6.918010752688172,634.3944892473119,5151,166.03225806451613,964.0,302.5
2024-04,33.704166666666666,48.0,84.26041666666667,120.0,3.087897288596441,477.12129738100975,5.253611421276501,19.538888888888888,7.1097222222222225,501.4263888888889,5116,170.63333333333333,756.0,194.0
2024-05,34.48521505376344,52.0,86.21303763440861,130.0,4.7291015718948,533.6130871438464,5.284575820440682,21.373655913978496,6.946236559139785,615.7681451612904,5164,166.70967741935485,744.5,251.0
2024-06,49.577777777777776,70.04999999999995,123.94444444444444,175.1249999999999,20.027216510335585,811.6781144074611,6.868276296574609,31.85972222222222,7.722222222222222,1002.3104166666667,5562,185.33333333333334,1284.5,318.0
2024-07,52.240591397849464,69.0,130.60147849462365,172.5,26.812840661673203,891.2822660259403,6.802208052657456,35.38709677419355,7.073924731182796,1129.1263440860216,5262,169.7741935483871,1529.0,273.0
2024-08,36.26209677419355,61.85000000000002,90.65524193548387,154.62500000000006,8.217387185852873,619.9000446115961,5.178482124451824,21.538978494623656,6.396505376344086,755.0409946236559,4758,153.51612903225805,597.0,269.0
2024-09,31.618055555555557,51.0,79.04513888888889,127.49999999999999,3.2633625057947433,443.1454879502332,4.961564969209758,17.97361111111111,6.925,509.5104166666667,4987,166.2,582.0,290.5
2024-10,40.52284946236559,58.0,101.30712365591398,145.0,5.298248170572391,779.8634775784666,5.768518463423858,24.75537634408602,6.895161290322581,758.7123655913979,5132,165.48387096774195,1036.0,212.0
2024-11,30.520833333333332,47.0,76.30208333333333,117.5,2.12854302984351,456.1336963358257,4.7646825266090795,17.929166666666667,6.575,520.9375,4732,157.8,614.0,230.0
2024-12,30.827956989247312,47.0,77.06989247311827,117.5,1.6242860351287125,446.5163126137902,4.812010596964471,17.59543010752688,6.462365591397849,466.12567204301075,4808,155.09677419354838,551.0,259.0
